{
  "_comment": "BTS On-Time Reporting Carrier Performance — Dataset Schema",
  "_source": "Bureau of Transportation Statistics (BTS), 2024 Jan–Jun",
  "_url": "https://www.transtats.bts.gov/DL_SelectFields.aspx?gnoyr_VQ=FGJ",
  "_format": "CSV per month, combined via PySpark unionByName",
  "_total_size_approx": ">1 GB across 6 monthly files",
  "_rows_approx": "~3.2 million (Jan–Jun 2024)",
  "_columns_raw": 110,
  "_columns_after_drop": 62,

  "fields": [
    { "name": "Year",                      "type": "IntegerType",  "nullable": true,  "description": "Flight year" },
    { "name": "Quarter",                   "type": "IntegerType",  "nullable": true,  "description": "Quarter (1–4)" },
    { "name": "Month",                     "type": "IntegerType",  "nullable": true,  "description": "Month (1–12)" },
    { "name": "DayofMonth",                "type": "IntegerType",  "nullable": true,  "description": "Day of month" },
    { "name": "DayOfWeek",                 "type": "IntegerType",  "nullable": true,  "description": "Day of week (1=Mon, 7=Sun)" },
    { "name": "FlightDate",                "type": "StringType",   "nullable": true,  "description": "Flight date (YYYY-MM-DD)" },
    { "name": "Reporting_Airline",         "type": "StringType",   "nullable": true,  "description": "IATA carrier code" },
    { "name": "Origin",                    "type": "StringType",   "nullable": false, "description": "Origin airport IATA code" },
    { "name": "OriginCityName",            "type": "StringType",   "nullable": true,  "description": "Origin city name" },
    { "name": "OriginState",               "type": "StringType",   "nullable": true,  "description": "Origin state abbreviation" },
    { "name": "OriginStateName",           "type": "StringType",   "nullable": true,  "description": "Origin state full name" },
    { "name": "Dest",                      "type": "StringType",   "nullable": false, "description": "Destination airport IATA code" },
    { "name": "DestCityName",              "type": "StringType",   "nullable": true,  "description": "Destination city name" },
    { "name": "DestState",                 "type": "StringType",   "nullable": true,  "description": "Destination state abbreviation" },
    { "name": "DestStateName",             "type": "StringType",   "nullable": true,  "description": "Destination state full name" },
    { "name": "CRSDepTime",                "type": "IntegerType",  "nullable": false, "description": "Scheduled departure time (HHMM)" },
    { "name": "DepTime",                   "type": "DoubleType",   "nullable": false, "description": "Actual departure time (HHMM)" },
    { "name": "DepDelay",                  "type": "DoubleType",   "nullable": true,  "description": "Departure delay in minutes (fill 0)" },
    { "name": "DepDelayMinutes",           "type": "DoubleType",   "nullable": true,  "description": "Departure delay minutes (non-negative, fill 0)" },
    { "name": "DepDel15",                  "type": "DoubleType",   "nullable": true,  "description": "1 if departure delayed ≥15 min (fill 0)" },
    { "name": "DepartureDelayGroups",      "type": "IntegerType",  "nullable": false, "description": "Departure delay group bucket" },
    { "name": "TaxiOut",                   "type": "DoubleType",   "nullable": true,  "description": "Taxi-out time in minutes (fill 0)" },
    { "name": "WheelsOff",                 "type": "DoubleType",   "nullable": false, "description": "Wheels-off time (HHMM)" },
    { "name": "WheelsOn",                  "type": "DoubleType",   "nullable": false, "description": "Wheels-on time (HHMM)" },
    { "name": "TaxiIn",                    "type": "DoubleType",   "nullable": true,  "description": "Taxi-in time in minutes (fill 0)" },
    { "name": "CRSArrTime",                "type": "IntegerType",  "nullable": false, "description": "Scheduled arrival time (HHMM)" },
    { "name": "ArrTime",                   "type": "DoubleType",   "nullable": false, "description": "Actual arrival time (HHMM)" },
    { "name": "ArrDelay",                  "type": "DoubleType",   "nullable": true,  "description": "Arrival delay in minutes (fill 0)" },
    { "name": "ArrDelayMinutes",           "type": "DoubleType",   "nullable": true,  "description": "Arrival delay minutes (non-negative, fill 0)" },
    { "name": "ArrDel15",                  "type": "DoubleType",   "nullable": true,  "description": "1 if arrival delayed ≥15 min — SOURCE of DelayLabel (fill 0)" },
    { "name": "ArrivalDelayGroups",        "type": "IntegerType",  "nullable": false, "description": "Arrival delay group bucket" },
    { "name": "Cancelled",                 "type": "DoubleType",   "nullable": true,  "description": "1 if flight was cancelled" },
    { "name": "Diverted",                  "type": "DoubleType",   "nullable": true,  "description": "1 if flight was diverted" },
    { "name": "CRSElapsedTime",            "type": "DoubleType",   "nullable": false, "description": "Scheduled elapsed time in minutes" },
    { "name": "ActualElapsedTime",         "type": "DoubleType",   "nullable": true,  "description": "Actual elapsed flight time (fill 0)" },
    { "name": "AirTime",                   "type": "DoubleType",   "nullable": true,  "description": "Airborne time in minutes (fill 0)" },
    { "name": "Distance",                  "type": "DoubleType",   "nullable": true,  "description": "Great-circle distance between airports (miles)" },
    { "name": "DistanceGroup",             "type": "IntegerType",  "nullable": true,  "description": "Distance group (250-mile buckets)" },
    { "name": "CarrierDelay",              "type": "DoubleType",   "nullable": true,  "description": "Carrier-caused delay minutes (fill 0)" },
    { "name": "WeatherDelay",              "type": "DoubleType",   "nullable": true,  "description": "Weather-caused delay minutes (fill 0)" },
    { "name": "NASDelay",                  "type": "DoubleType",   "nullable": true,  "description": "National Air System delay minutes (fill 0)" },
    { "name": "SecurityDelay",             "type": "DoubleType",   "nullable": true,  "description": "Security delay minutes (fill 0)" },
    { "name": "LateAircraftDelay",         "type": "DoubleType",   "nullable": true,  "description": "Late aircraft delay minutes (fill 0)" }
  ],

  "engineered_features": [
    { "name": "DelayLabel",       "type": "IntegerType",  "source": "ArrDel15",                            "description": "Binary target: 1=delayed ≥15 min, 0=on time" },
    { "name": "DepHour",          "type": "IntegerType",  "source": "CRSDepTime / 100",                    "description": "Scheduled departure hour (0–23)" },
    { "name": "ArrHour",          "type": "IntegerType",  "source": "CRSArrTime / 100",                    "description": "Scheduled arrival hour (0–23)" },
    { "name": "IsWeekend",        "type": "IntegerType",  "source": "DayOfWeek in (6,7)",                  "description": "1 if Saturday or Sunday" },
    { "name": "TimeOfDay",        "type": "StringType",   "source": "DepHour",                             "description": "Night / Morning / Afternoon / Evening" },
    { "name": "Season",           "type": "StringType",   "source": "Month",                               "description": "Winter / Spring / Summer / Autumn" },
    { "name": "IsHolidayMonth",   "type": "IntegerType",  "source": "Month in (1,7,11,12)",                "description": "1 if peak travel month" },
    { "name": "DistanceBucket",   "type": "StringType",   "source": "Distance",                            "description": "Short (<500mi) / Medium / Long (≥1500mi)" },
    { "name": "RouteAvgDelay",    "type": "DoubleType",   "source": "broadcast join on Origin+Dest",       "description": "Historical mean ArrDelay for the route" },
    { "name": "AirlineDelayRate", "type": "DoubleType",   "source": "broadcast join on Reporting_Airline", "description": "Historical delay rate (proportion) per carrier" },
    { "name": "DelayRiskScore",   "type": "DoubleType",   "source": "DelayRiskScorer transformer",         "description": "Composite risk score [0,1]; w=(0.4,0.3,0.15,0.15)" }
  ],

  "dropped_columns_reason": {
    "diversion_detail_cols": "DivN* columns — >95% null; only relevant for diverted flights",
    "id_cols":               "AirportSeqID, CityMarketID, DOT_ID — administrative keys not useful for ML",
    "time_block_cols":       "ArrTimeBlk, DepTimeBlk — redundant with DepHour/ArrHour",
    "tail_flight_cols":      "Tail_Number, Flight_Number — flight-level identifiers with too high cardinality",
    "derived_redundant":     "FirstDepTime, TotalAddGTime, LongestAddGTime, CancellationCode, Flights"
  }
}
