{
  "_comment": "BTS Flight Delay Prediction — Tableau Configuration",
  "_project": "7006SCN Machine Learning and Big Data",

  "tableau_public": {
    "workbook_url": "https://public.tableau.com/YOUR_WORKBOOK_LINK_HERE",
    "workbook_name": "BTS_Flight_Delay_2024"
  },

  "data_sources": {
    "base_export_path": "/content/drive/MyDrive/Machine Learning and Big Data/tableau_exports",

    "dashboard_1_pipeline": {
      "description": "Data quality and pipeline monitoring",
      "csv_sources": [
        "d1_dataset_overview",
        "d1_validation_funnel",
        "d1_missing_values",
        "d1_monthly_pipeline"
      ]
    },

    "dashboard_2_model_performance": {
      "description": "Model performance and feature importance",
      "csv_sources": [
        "d2_baseline_model_comparison",
        "d2_tuned_vs_baseline_val",
        "d2_cv_scores",
        "d2_feature_importance",
        "d2_test_set_results",
        "d2_confusion_matrices",
        "d2_sklearn_vs_mllib"
      ]
    },

    "dashboard_3_business_insights": {
      "description": "Business insights and actionable recommendations",
      "csv_sources": [
        "d3_delay_by_airline",
        "d3_delay_by_route",
        "d3_delay_by_hour",
        "d3_delay_by_season",
        "d3_delay_risk_distribution",
        "d3_cancellation_analysis"
      ]
    },

    "dashboard_4_scalability": {
      "description": "Scalability analysis and cost-performance trade-offs",
      "csv_sources": [
        "d4_strong_scaling",
        "d4_weak_scaling",
        "d4_io_throughput",
        "d4_cost_performance"
      ]
    }
  },

  "extract_settings": {
    "use_extracts": true,
    "extract_format": "hyper",
    "refresh_schedule": "manual",
    "incremental_refresh": false
  },

  "design": {
    "color_palette": {
      "primary":    "#1F4E79",
      "secondary":  "#2E75B6",
      "accent":     "#F4B942",
      "delayed":    "#C00000",
      "on_time":    "#375623",
      "neutral":    "#808080",
      "background": "#F5F5F5"
    },
    "font": "Tableau Book",
    "default_chart_size": { "width": 900, "height": 500 },
    "mobile_responsive": true
  },

  "dashboard_actions": {
    "cross_filter": true,
    "highlight_actions": true,
    "url_actions": false
  },

  "lod_expressions": {
    "route_avg_delay":      "{ FIXED [Origin], [Dest] : AVG([ArrDelay]) }",
    "airline_delay_rate":   "{ FIXED [Reporting_Airline] : AVG([DelayLabel]) }",
    "overall_delay_rate":   "{ FIXED : AVG([DelayLabel]) }",
    "monthly_flight_count": "{ FIXED [Month] : COUNTD([FlightID]) }"
  },

  "parameters": {
    "delay_threshold_minutes": {
      "type": "integer",
      "default": 15,
      "min": 1,
      "max": 120,
      "description": "Minutes threshold to classify a flight as delayed"
    },
    "top_n_routes": {
      "type": "integer",
      "default": 20,
      "min": 5,
      "max": 50,
      "description": "Number of top routes to show in route delay analysis"
    },
    "model_selector": {
      "type": "string",
      "default": "Random Forest",
      "allowed_values": [
        "Logistic Regression",
        "Decision Tree",
        "Random Forest",
        "Naive Bayes",
        "Decision Tree Tuned"
      ],
      "description": "Filter metric views to a specific ML model"
    }
  },

  "tooltips": {
    "delay_label":         "1 = Arrival delayed ≥15 min  |  0 = On time",
    "delay_risk_score":    "Composite risk score in [0,1] from route history, airline rate, weekend, and holiday factors",
    "auc":                 "Area Under ROC Curve — higher is better (max 1.0)",
    "strong_scaling":      "Fixed dataset size; simulates adding more compute resources",
    "weak_scaling":        "Dataset and resources grow together; ideal slope = flat"
  }
}
